"","state","date","confirmed","deaths","recovered","type"
"1","New South Wales",2020-01-22,0,0,0,"cumulative"
"2","Victoria",2020-01-22,0,0,0,"cumulative"
"3","Queensland",2020-01-22,0,0,0,"cumulative"
"4","South Australia",2020-01-22,0,0,0,"cumulative"
"5","Western Australia",2020-01-22,0,0,0,"cumulative"
"6","Tasmania",2020-01-22,0,0,0,"cumulative"
"7","Northern Territory",2020-01-22,0,0,0,"cumulative"
"8","Australian Capital Territory",2020-01-22,0,0,0,"cumulative"
"9","New South Wales",2020-01-23,0,0,0,"cumulative"
"10","Victoria",2020-01-23,0,0,0,"cumulative"
"11","Queensland",2020-01-23,0,0,0,"cumulative"
"12","South Australia",2020-01-23,0,0,0,"cumulative"
"13","Western Australia",2020-01-23,0,0,0,"cumulative"
"14","Tasmania",2020-01-23,0,0,0,"cumulative"
"15","Northern Territory",2020-01-23,0,0,0,"cumulative"
"16","Australian Capital Territory",2020-01-23,0,0,0,"cumulative"
"17","New South Wales",2020-01-24,0,0,0,"cumulative"
"18","Victoria",2020-01-24,0,0,0,"cumulative"
"19","Queensland",2020-01-24,0,0,0,"cumulative"
"20","South Australia",2020-01-24,0,0,0,"cumulative"
"21","Western Australia",2020-01-24,0,0,0,"cumulative"
"22","Tasmania",2020-01-24,0,0,0,"cumulative"
"23","Northern Territory",2020-01-24,0,0,0,"cumulative"
"24","Australian Capital Territory",2020-01-24,0,0,0,"cumulative"
"25","New South Wales",2020-01-25,0,0,0,"cumulative"
"26","Victoria",2020-01-25,0,0,0,"cumulative"
"27","Queensland",2020-01-25,0,0,0,"cumulative"
"28","South Australia",2020-01-25,0,0,0,"cumulative"
"29","Western Australia",2020-01-25,0,0,0,"cumulative"
"30","Tasmania",2020-01-25,0,0,0,"cumulative"
"31","Northern Territory",2020-01-25,0,0,0,"cumulative"
"32","Australian Capital Territory",2020-01-25,0,0,0,"cumulative"
"33","New South Wales",2020-01-26,3,0,0,"cumulative"
"34","Victoria",2020-01-26,1,0,0,"cumulative"
"35","Queensland",2020-01-26,0,0,0,"cumulative"
"36","South Australia",2020-01-26,0,0,0,"cumulative"
"37","Western Australia",2020-01-26,0,0,0,"cumulative"
"38","Tasmania",2020-01-26,0,0,0,"cumulative"
"39","Northern Territory",2020-01-26,0,0,0,"cumulative"
"40","Australian Capital Territory",2020-01-26,0,0,0,"cumulative"
"41","New South Wales",2020-01-27,4,0,0,"cumulative"
"42","Victoria",2020-01-27,1,0,0,"cumulative"
"43","Queensland",2020-01-27,0,0,0,"cumulative"
"44","South Australia",2020-01-27,0,0,0,"cumulative"
"45","Western Australia",2020-01-27,0,0,0,"cumulative"
"46","Tasmania",2020-01-27,0,0,0,"cumulative"
"47","Northern Territory",2020-01-27,0,0,0,"cumulative"
"48","Australian Capital Territory",2020-01-27,0,0,0,"cumulative"
"49","New South Wales",2020-01-28,4,0,0,"cumulative"
"50","Victoria",2020-01-28,1,0,0,"cumulative"
"51","Queensland",2020-01-28,0,0,0,"cumulative"
"52","South Australia",2020-01-28,0,0,0,"cumulative"
"53","Western Australia",2020-01-28,0,0,0,"cumulative"
"54","Tasmania",2020-01-28,0,0,0,"cumulative"
"55","Northern Territory",2020-01-28,0,0,0,"cumulative"
"56","Australian Capital Territory",2020-01-28,0,0,0,"cumulative"
"57","New South Wales",2020-01-29,4,0,0,"cumulative"
"58","Victoria",2020-01-29,1,0,0,"cumulative"
"59","Queensland",2020-01-29,1,0,0,"cumulative"
"60","South Australia",2020-01-29,0,0,0,"cumulative"
"61","Western Australia",2020-01-29,0,0,0,"cumulative"
"62","Tasmania",2020-01-29,0,0,0,"cumulative"
"63","Northern Territory",2020-01-29,0,0,0,"cumulative"
"64","Australian Capital Territory",2020-01-29,0,0,0,"cumulative"
"65","New South Wales",2020-01-30,4,0,2,"cumulative"
"66","Victoria",2020-01-30,2,0,0,"cumulative"
"67","Queensland",2020-01-30,3,0,0,"cumulative"
"68","South Australia",2020-01-30,0,0,0,"cumulative"
"69","Western Australia",2020-01-30,0,0,0,"cumulative"
"70","Tasmania",2020-01-30,0,0,0,"cumulative"
"71","Northern Territory",2020-01-30,0,0,0,"cumulative"
"72","Australian Capital Territory",2020-01-30,0,0,0,"cumulative"
"73","New South Wales",2020-01-31,4,0,2,"cumulative"
"74","Victoria",2020-01-31,3,0,0,"cumulative"
"75","Queensland",2020-01-31,2,0,0,"cumulative"
"76","South Australia",2020-01-31,0,0,0,"cumulative"
"77","Western Australia",2020-01-31,0,0,0,"cumulative"
"78","Tasmania",2020-01-31,0,0,0,"cumulative"
"79","Northern Territory",2020-01-31,0,0,0,"cumulative"
"80","Australian Capital Territory",2020-01-31,0,0,0,"cumulative"
"81","New South Wales",2020-02-01,4,0,2,"cumulative"
"82","Victoria",2020-02-01,4,0,0,"cumulative"
"83","Queensland",2020-02-01,3,0,0,"cumulative"
"84","South Australia",2020-02-01,1,0,0,"cumulative"
"85","Western Australia",2020-02-01,0,0,0,"cumulative"
"86","Tasmania",2020-02-01,0,0,0,"cumulative"
"87","Northern Territory",2020-02-01,0,0,0,"cumulative"
"88","Australian Capital Territory",2020-02-01,0,0,0,"cumulative"
"89","New South Wales",2020-02-02,4,0,2,"cumulative"
"90","Victoria",2020-02-02,4,0,0,"cumulative"
"91","Queensland",2020-02-02,2,0,0,"cumulative"
"92","South Australia",2020-02-02,2,0,0,"cumulative"
"93","Western Australia",2020-02-02,0,0,0,"cumulative"
"94","Tasmania",2020-02-02,0,0,0,"cumulative"
"95","Northern Territory",2020-02-02,0,0,0,"cumulative"
"96","Australian Capital Territory",2020-02-02,0,0,0,"cumulative"
"97","New South Wales",2020-02-03,4,0,2,"cumulative"
"98","Victoria",2020-02-03,4,0,0,"cumulative"
"99","Queensland",2020-02-03,2,0,0,"cumulative"
"100","South Australia",2020-02-03,2,0,0,"cumulative"
"101","Western Australia",2020-02-03,0,0,0,"cumulative"
"102","Tasmania",2020-02-03,0,0,0,"cumulative"
"103","Northern Territory",2020-02-03,0,0,0,"cumulative"
"104","Australian Capital Territory",2020-02-03,0,0,0,"cumulative"
"105","New South Wales",2020-02-04,4,0,2,"cumulative"
"106","Victoria",2020-02-04,4,0,0,"cumulative"
"107","Queensland",2020-02-04,3,0,0,"cumulative"
"108","South Australia",2020-02-04,2,0,0,"cumulative"
"109","Western Australia",2020-02-04,0,0,0,"cumulative"
"110","Tasmania",2020-02-04,0,0,0,"cumulative"
"111","Northern Territory",2020-02-04,0,0,0,"cumulative"
"112","Australian Capital Territory",2020-02-04,0,0,0,"cumulative"
"113","New South Wales",2020-02-05,4,0,2,"cumulative"
"114","Victoria",2020-02-05,4,0,0,"cumulative"
"115","Queensland",2020-02-05,3,0,0,"cumulative"
"116","South Australia",2020-02-05,2,0,0,"cumulative"
"117","Western Australia",2020-02-05,0,0,0,"cumulative"
"118","Tasmania",2020-02-05,0,0,0,"cumulative"
"119","Northern Territory",2020-02-05,0,0,0,"cumulative"
"120","Australian Capital Territory",2020-02-05,0,0,0,"cumulative"
"121","New South Wales",2020-02-06,4,0,2,"cumulative"
"122","Victoria",2020-02-06,4,0,0,"cumulative"
"123","Queensland",2020-02-06,4,0,0,"cumulative"
"124","South Australia",2020-02-06,2,0,0,"cumulative"
"125","Western Australia",2020-02-06,0,0,0,"cumulative"
"126","Tasmania",2020-02-06,0,0,0,"cumulative"
"127","Northern Territory",2020-02-06,0,0,0,"cumulative"
"128","Australian Capital Territory",2020-02-06,0,0,0,"cumulative"
"129","New South Wales",2020-02-07,4,0,2,"cumulative"
"130","Victoria",2020-02-07,4,0,0,"cumulative"
"131","Queensland",2020-02-07,5,0,0,"cumulative"
"132","South Australia",2020-02-07,2,0,0,"cumulative"
"133","Western Australia",2020-02-07,0,0,0,"cumulative"
"134","Tasmania",2020-02-07,0,0,0,"cumulative"
"135","Northern Territory",2020-02-07,0,0,0,"cumulative"
"136","Australian Capital Territory",2020-02-07,0,0,0,"cumulative"
"137","New South Wales",2020-02-08,4,0,2,"cumulative"
"138","Victoria",2020-02-08,4,0,0,"cumulative"
"139","Queensland",2020-02-08,5,0,0,"cumulative"
"140","South Australia",2020-02-08,2,0,0,"cumulative"
"141","Western Australia",2020-02-08,0,0,0,"cumulative"
"142","Tasmania",2020-02-08,0,0,0,"cumulative"
"143","Northern Territory",2020-02-08,0,0,0,"cumulative"
"144","Australian Capital Territory",2020-02-08,0,0,0,"cumulative"
"145","New South Wales",2020-02-09,4,0,2,"cumulative"
"146","Victoria",2020-02-09,4,0,0,"cumulative"
"147","Queensland",2020-02-09,5,0,0,"cumulative"
"148","South Australia",2020-02-09,2,0,0,"cumulative"
"149","Western Australia",2020-02-09,0,0,0,"cumulative"
"150","Tasmania",2020-02-09,0,0,0,"cumulative"
"151","Northern Territory",2020-02-09,0,0,0,"cumulative"
"152","Australian Capital Territory",2020-02-09,0,0,0,"cumulative"
"153","New South Wales",2020-02-10,4,0,2,"cumulative"
"154","Victoria",2020-02-10,4,0,0,"cumulative"
"155","Queensland",2020-02-10,5,0,0,"cumulative"
"156","South Australia",2020-02-10,2,0,0,"cumulative"
"157","Western Australia",2020-02-10,0,0,0,"cumulative"
"158","Tasmania",2020-02-10,0,0,0,"cumulative"
"159","Northern Territory",2020-02-10,0,0,0,"cumulative"
"160","Australian Capital Territory",2020-02-10,0,0,0,"cumulative"
"161","New South Wales",2020-02-11,4,0,2,"cumulative"
"162","Victoria",2020-02-11,4,0,0,"cumulative"
"163","Queensland",2020-02-11,5,0,0,"cumulative"
"164","South Australia",2020-02-11,2,0,0,"cumulative"
"165","Western Australia",2020-02-11,0,0,0,"cumulative"
"166","Tasmania",2020-02-11,0,0,0,"cumulative"
"167","Northern Territory",2020-02-11,0,0,0,"cumulative"
"168","Australian Capital Territory",2020-02-11,0,0,0,"cumulative"
"169","New South Wales",2020-02-12,4,0,2,"cumulative"
"170","Victoria",2020-02-12,4,0,0,"cumulative"
"171","Queensland",2020-02-12,5,0,0,"cumulative"
"172","South Australia",2020-02-12,2,0,0,"cumulative"
"173","Western Australia",2020-02-12,0,0,0,"cumulative"
"174","Tasmania",2020-02-12,0,0,0,"cumulative"
"175","Northern Territory",2020-02-12,0,0,0,"cumulative"
"176","Australian Capital Territory",2020-02-12,0,0,0,"cumulative"
"177","New South Wales",2020-02-13,4,0,4,"cumulative"
"178","Victoria",2020-02-13,4,0,4,"cumulative"
"179","Queensland",2020-02-13,5,0,0,"cumulative"
"180","South Australia",2020-02-13,2,0,0,"cumulative"
"181","Western Australia",2020-02-13,0,0,0,"cumulative"
"182","Tasmania",2020-02-13,0,0,0,"cumulative"
"183","Northern Territory",2020-02-13,0,0,0,"cumulative"
"184","Australian Capital Territory",2020-02-13,0,0,0,"cumulative"
"185","New South Wales",2020-02-14,4,0,4,"cumulative"
"186","Victoria",2020-02-14,4,0,4,"cumulative"
"187","Queensland",2020-02-14,5,0,0,"cumulative"
"188","South Australia",2020-02-14,2,0,0,"cumulative"
"189","Western Australia",2020-02-14,0,0,0,"cumulative"
"190","Tasmania",2020-02-14,0,0,0,"cumulative"
"191","Northern Territory",2020-02-14,0,0,0,"cumulative"
"192","Australian Capital Territory",2020-02-14,0,0,0,"cumulative"
"193","New South Wales",2020-02-15,4,0,4,"cumulative"
"194","Victoria",2020-02-15,4,0,4,"cumulative"
"195","Queensland",2020-02-15,5,0,0,"cumulative"
"196","South Australia",2020-02-15,2,0,0,"cumulative"
"197","Western Australia",2020-02-15,0,0,0,"cumulative"
"198","Tasmania",2020-02-15,0,0,0,"cumulative"
"199","Northern Territory",2020-02-15,0,0,0,"cumulative"
"200","Australian Capital Territory",2020-02-15,0,0,0,"cumulative"
"201","New South Wales",2020-02-16,4,0,4,"cumulative"
"202","Victoria",2020-02-16,4,0,4,"cumulative"
"203","Queensland",2020-02-16,5,0,0,"cumulative"
"204","South Australia",2020-02-16,2,0,0,"cumulative"
"205","Western Australia",2020-02-16,0,0,0,"cumulative"
"206","Tasmania",2020-02-16,0,0,0,"cumulative"
"207","Northern Territory",2020-02-16,0,0,0,"cumulative"
"208","Australian Capital Territory",2020-02-16,0,0,0,"cumulative"
"209","New South Wales",2020-02-17,4,0,4,"cumulative"
"210","Victoria",2020-02-17,4,0,4,"cumulative"
"211","Queensland",2020-02-17,5,0,0,"cumulative"
"212","South Australia",2020-02-17,2,0,2,"cumulative"
"213","Western Australia",2020-02-17,0,0,0,"cumulative"
"214","Tasmania",2020-02-17,0,0,0,"cumulative"
"215","Northern Territory",2020-02-17,0,0,0,"cumulative"
"216","Australian Capital Territory",2020-02-17,0,0,0,"cumulative"
"217","New South Wales",2020-02-18,4,0,4,"cumulative"
"218","Victoria",2020-02-18,4,0,4,"cumulative"
"219","Queensland",2020-02-18,5,0,0,"cumulative"
"220","South Australia",2020-02-18,2,0,2,"cumulative"
"221","Western Australia",2020-02-18,0,0,0,"cumulative"
"222","Tasmania",2020-02-18,0,0,0,"cumulative"
"223","Northern Territory",2020-02-18,0,0,0,"cumulative"
"224","Australian Capital Territory",2020-02-18,0,0,0,"cumulative"
"225","New South Wales",2020-02-19,4,0,4,"cumulative"
"226","Victoria",2020-02-19,4,0,4,"cumulative"
"227","Queensland",2020-02-19,5,0,0,"cumulative"
"228","South Australia",2020-02-19,2,0,2,"cumulative"
"229","Western Australia",2020-02-19,0,0,0,"cumulative"
"230","Tasmania",2020-02-19,0,0,0,"cumulative"
"231","Northern Territory",2020-02-19,0,0,0,"cumulative"
"232","Australian Capital Territory",2020-02-19,0,0,0,"cumulative"
"233","New South Wales",2020-02-20,4,0,4,"cumulative"
"234","Victoria",2020-02-20,4,0,4,"cumulative"
"235","Queensland",2020-02-20,5,0,0,"cumulative"
"236","South Australia",2020-02-20,2,0,2,"cumulative"
"237","Western Australia",2020-02-20,0,0,0,"cumulative"
"238","Tasmania",2020-02-20,0,0,0,"cumulative"
"239","Northern Territory",2020-02-20,0,0,0,"cumulative"
"240","Australian Capital Territory",2020-02-20,0,0,0,"cumulative"
"241","New South Wales",2020-02-21,4,0,4,"cumulative"
"242","Victoria",2020-02-21,4,0,4,"cumulative"
"243","Queensland",2020-02-21,5,0,1,"cumulative"
"244","South Australia",2020-02-21,2,0,2,"cumulative"
"245","Western Australia",2020-02-21,0,0,0,"cumulative"
"246","Tasmania",2020-02-21,0,0,0,"cumulative"
"247","Northern Territory",2020-02-21,0,0,0,"cumulative"
"248","Australian Capital Territory",2020-02-21,0,0,0,"cumulative"
"249","New South Wales",2020-02-22,4,0,4,"cumulative"
"250","Victoria",2020-02-22,4,0,4,"cumulative"
"251","Queensland",2020-02-22,5,0,1,"cumulative"
"252","South Australia",2020-02-22,2,0,2,"cumulative"
"253","Western Australia",2020-02-22,0,0,0,"cumulative"
"254","Tasmania",2020-02-22,0,0,0,"cumulative"
"255","Northern Territory",2020-02-22,0,0,0,"cumulative"
"256","Australian Capital Territory",2020-02-22,0,0,0,"cumulative"
"257","New South Wales",2020-02-23,4,0,4,"cumulative"
"258","Victoria",2020-02-23,4,0,4,"cumulative"
"259","Queensland",2020-02-23,5,0,1,"cumulative"
"260","South Australia",2020-02-23,2,0,2,"cumulative"
"261","Western Australia",2020-02-23,0,0,0,"cumulative"
"262","Tasmania",2020-02-23,0,0,0,"cumulative"
"263","Northern Territory",2020-02-23,0,0,0,"cumulative"
"264","Australian Capital Territory",2020-02-23,0,0,0,"cumulative"
"265","New South Wales",2020-02-24,4,0,4,"cumulative"
"266","Victoria",2020-02-24,4,0,4,"cumulative"
"267","Queensland",2020-02-24,5,0,1,"cumulative"
"268","South Australia",2020-02-24,2,0,2,"cumulative"
"269","Western Australia",2020-02-24,0,0,0,"cumulative"
"270","Tasmania",2020-02-24,0,0,0,"cumulative"
"271","Northern Territory",2020-02-24,0,0,0,"cumulative"
"272","Australian Capital Territory",2020-02-24,0,0,0,"cumulative"
"273","New South Wales",2020-02-25,4,0,4,"cumulative"
"274","Victoria",2020-02-25,4,0,4,"cumulative"
"275","Queensland",2020-02-25,5,0,1,"cumulative"
"276","South Australia",2020-02-25,2,0,2,"cumulative"
"277","Western Australia",2020-02-25,0,0,0,"cumulative"
"278","Tasmania",2020-02-25,0,0,0,"cumulative"
"279","Northern Territory",2020-02-25,0,0,0,"cumulative"
"280","Australian Capital Territory",2020-02-25,0,0,0,"cumulative"
"281","New South Wales",2020-02-26,4,0,4,"cumulative"
"282","Victoria",2020-02-26,4,0,4,"cumulative"
"283","Queensland",2020-02-26,5,0,1,"cumulative"
"284","South Australia",2020-02-26,2,0,2,"cumulative"
"285","Western Australia",2020-02-26,0,0,0,"cumulative"
"286","Tasmania",2020-02-26,0,0,0,"cumulative"
"287","Northern Territory",2020-02-26,0,0,0,"cumulative"
"288","Australian Capital Territory",2020-02-26,0,0,0,"cumulative"
"289","New South Wales",2020-02-27,4,0,4,"cumulative"
"290","Victoria",2020-02-27,4,0,4,"cumulative"
"291","Queensland",2020-02-27,5,0,1,"cumulative"
"292","South Australia",2020-02-27,2,0,2,"cumulative"
"293","Western Australia",2020-02-27,0,0,0,"cumulative"
"294","Tasmania",2020-02-27,0,0,0,"cumulative"
"295","Northern Territory",2020-02-27,0,0,0,"cumulative"
"296","Australian Capital Territory",2020-02-27,0,0,0,"cumulative"
"297","New South Wales",2020-02-28,4,0,4,"cumulative"
"298","Victoria",2020-02-28,4,0,4,"cumulative"
"299","Queensland",2020-02-28,5,0,1,"cumulative"
"300","South Australia",2020-02-28,2,0,2,"cumulative"
"301","Western Australia",2020-02-28,0,0,0,"cumulative"
"302","Tasmania",2020-02-28,0,0,0,"cumulative"
"303","Northern Territory",2020-02-28,0,0,0,"cumulative"
"304","Australian Capital Territory",2020-02-28,0,0,0,"cumulative"
"305","New South Wales",2020-02-29,4,0,4,"cumulative"
"306","Victoria",2020-02-29,7,0,4,"cumulative"
"307","Queensland",2020-02-29,9,0,1,"cumulative"
"308","South Australia",2020-02-29,3,0,2,"cumulative"
"309","Western Australia",2020-02-29,2,0,0,"cumulative"
"310","Tasmania",2020-02-29,0,0,0,"cumulative"
"311","Northern Territory",2020-02-29,0,0,0,"cumulative"
"312","Australian Capital Territory",2020-02-29,0,0,0,"cumulative"
"313","New South Wales",2020-03-01,6,0,4,"cumulative"
"314","Victoria",2020-03-01,7,0,4,"cumulative"
"315","Queensland",2020-03-01,9,0,1,"cumulative"
"316","South Australia",2020-03-01,3,0,2,"cumulative"
"317","Western Australia",2020-03-01,2,1,0,"cumulative"
"318","Tasmania",2020-03-01,0,0,0,"cumulative"
"319","Northern Territory",2020-03-01,0,0,0,"cumulative"
"320","Australian Capital Territory",2020-03-01,0,0,0,"cumulative"
"321","New South Wales",2020-03-02,6,0,4,"cumulative"
"322","Victoria",2020-03-02,9,0,4,"cumulative"
"323","Queensland",2020-03-02,9,0,1,"cumulative"
"324","South Australia",2020-03-02,3,0,2,"cumulative"
"325","Western Australia",2020-03-02,2,1,0,"cumulative"
"326","Tasmania",2020-03-02,1,0,0,"cumulative"
"327","Northern Territory",2020-03-02,0,0,0,"cumulative"
"328","Australian Capital Territory",2020-03-02,0,0,0,"cumulative"
"329","New South Wales",2020-03-03,13,0,4,"cumulative"
"330","Victoria",2020-03-03,9,0,4,"cumulative"
"331","Queensland",2020-03-03,11,0,1,"cumulative"
"332","South Australia",2020-03-03,3,0,2,"cumulative"
"333","Western Australia",2020-03-03,2,1,0,"cumulative"
"334","Tasmania",2020-03-03,1,0,0,"cumulative"
"335","Northern Territory",2020-03-03,0,0,0,"cumulative"
"336","Australian Capital Territory",2020-03-03,0,0,0,"cumulative"
"337","New South Wales",2020-03-04,22,1,4,"cumulative"
"338","Victoria",2020-03-04,10,0,4,"cumulative"
"339","Queensland",2020-03-04,11,0,1,"cumulative"
"340","South Australia",2020-03-04,5,0,2,"cumulative"
"341","Western Australia",2020-03-04,2,1,0,"cumulative"
"342","Tasmania",2020-03-04,1,0,0,"cumulative"
"343","Northern Territory",2020-03-04,1,0,0,"cumulative"
"344","Australian Capital Territory",2020-03-04,0,0,0,"cumulative"
"345","New South Wales",2020-03-05,22,1,4,"cumulative"
"346","Victoria",2020-03-05,10,0,7,"cumulative"
"347","Queensland",2020-03-05,13,0,8,"cumulative"
"348","South Australia",2020-03-05,5,0,2,"cumulative"
"349","Western Australia",2020-03-05,3,1,0,"cumulative"
"350","Tasmania",2020-03-05,1,0,0,"cumulative"
"351","Northern Territory",2020-03-05,1,0,0,"cumulative"
"352","Australian Capital Territory",2020-03-05,0,0,0,"cumulative"
"353","New South Wales",2020-03-06,26,1,4,"cumulative"
"354","Victoria",2020-03-06,10,0,7,"cumulative"
"355","Queensland",2020-03-06,13,0,8,"cumulative"
"356","South Australia",2020-03-06,7,0,2,"cumulative"
"357","Western Australia",2020-03-06,3,1,0,"cumulative"
"358","Tasmania",2020-03-06,1,0,0,"cumulative"
"359","Northern Territory",2020-03-06,0,0,0,"cumulative"
"360","Australian Capital Territory",2020-03-06,0,0,0,"cumulative"
"361","New South Wales",2020-03-07,28,1,4,"cumulative"
"362","Victoria",2020-03-07,11,0,7,"cumulative"
"363","Queensland",2020-03-07,13,0,8,"cumulative"
"364","South Australia",2020-03-07,7,0,2,"cumulative"
"365","Western Australia",2020-03-07,3,1,0,"cumulative"
"366","Tasmania",2020-03-07,1,0,0,"cumulative"
"367","Northern Territory",2020-03-07,0,0,0,"cumulative"
"368","Australian Capital Territory",2020-03-07,0,0,0,"cumulative"
"369","New South Wales",2020-03-08,38,2,4,"cumulative"
"370","Victoria",2020-03-08,11,0,7,"cumulative"
"371","Queensland",2020-03-08,15,0,8,"cumulative"
"372","South Australia",2020-03-08,7,0,2,"cumulative"
"373","Western Australia",2020-03-08,3,1,0,"cumulative"
"374","Tasmania",2020-03-08,2,0,0,"cumulative"
"375","Northern Territory",2020-03-08,0,0,0,"cumulative"
"376","Australian Capital Territory",2020-03-08,0,0,0,"cumulative"
"377","New South Wales",2020-03-09,48,2,4,"cumulative"
"378","Victoria",2020-03-09,15,0,7,"cumulative"
"379","Queensland",2020-03-09,15,0,8,"cumulative"
"380","South Australia",2020-03-09,7,0,2,"cumulative"
"381","Western Australia",2020-03-09,4,1,0,"cumulative"
"382","Tasmania",2020-03-09,2,0,0,"cumulative"
"383","Northern Territory",2020-03-09,0,0,0,"cumulative"
"384","Australian Capital Territory",2020-03-09,0,0,0,"cumulative"
"385","New South Wales",2020-03-10,55,2,4,"cumulative"
"386","Victoria",2020-03-10,18,0,7,"cumulative"
"387","Queensland",2020-03-10,18,0,8,"cumulative"
"388","South Australia",2020-03-10,7,0,2,"cumulative"
"389","Western Australia",2020-03-10,6,1,0,"cumulative"
"390","Tasmania",2020-03-10,2,0,0,"cumulative"
"391","Northern Territory",2020-03-10,1,0,0,"cumulative"
"392","Australian Capital Territory",2020-03-10,0,0,0,"cumulative"
"393","New South Wales",2020-03-11,65,2,4,"cumulative"
"394","Victoria",2020-03-11,21,0,7,"cumulative"
"395","Queensland",2020-03-11,20,0,8,"cumulative"
"396","South Australia",2020-03-11,9,0,2,"cumulative"
"397","Western Australia",2020-03-11,9,1,0,"cumulative"
"398","Tasmania",2020-03-11,3,0,0,"cumulative"
"399","Northern Territory",2020-03-11,1,0,0,"cumulative"
"400","Australian Capital Territory",2020-03-11,0,0,0,"cumulative"
"401","New South Wales",2020-03-12,65,2,4,"cumulative"
"402","Victoria",2020-03-12,21,0,7,"cumulative"
"403","Queensland",2020-03-12,20,0,8,"cumulative"
"404","South Australia",2020-03-12,9,0,2,"cumulative"
"405","Western Australia",2020-03-12,9,1,0,"cumulative"
"406","Tasmania",2020-03-12,3,0,0,"cumulative"
"407","Northern Territory",2020-03-12,1,0,0,"cumulative"
"408","Australian Capital Territory",2020-03-12,0,0,0,"cumulative"
"409","New South Wales",2020-03-13,92,2,4,"cumulative"
"410","Victoria",2020-03-13,36,0,8,"cumulative"
"411","Queensland",2020-03-13,35,0,8,"cumulative"
"412","South Australia",2020-03-13,16,0,3,"cumulative"
"413","Western Australia",2020-03-13,14,1,0,"cumulative"
"414","Tasmania",2020-03-13,5,0,0,"cumulative"
"415","Northern Territory",2020-03-13,1,0,0,"cumulative"
"416","Australian Capital Territory",2020-03-13,1,0,0,"cumulative"
"417","New South Wales",2020-03-14,112,2,4,"cumulative"
"418","Victoria",2020-03-14,49,0,8,"cumulative"
"419","Queensland",2020-03-14,46,0,8,"cumulative"
"420","South Australia",2020-03-14,19,0,3,"cumulative"
"421","Western Australia",2020-03-14,17,1,0,"cumulative"
"422","Tasmania",2020-03-14,5,0,0,"cumulative"
"423","Northern Territory",2020-03-14,1,0,0,"cumulative"
"424","Australian Capital Territory",2020-03-14,1,0,0,"cumulative"
"425","New South Wales",2020-03-15,134,2,4,"cumulative"
"426","Victoria",2020-03-15,57,0,8,"cumulative"
"427","Queensland",2020-03-15,61,0,8,"cumulative"
"428","South Australia",2020-03-15,20,0,3,"cumulative"
"429","Western Australia",2020-03-15,17,1,0,"cumulative"
"430","Tasmania",2020-03-15,6,0,0,"cumulative"
"431","Northern Territory",2020-03-15,1,0,0,"cumulative"
"432","Australian Capital Territory",2020-03-15,1,0,0,"cumulative"
"433","New South Wales",2020-03-16,171,2,4,"cumulative"
"434","Victoria",2020-03-16,71,0,8,"cumulative"
"435","Queensland",2020-03-16,68,0,8,"cumulative"
"436","South Australia",2020-03-16,29,0,3,"cumulative"
"437","Western Australia",2020-03-16,28,1,0,"cumulative"
"438","Tasmania",2020-03-16,7,0,0,"cumulative"
"439","Northern Territory",2020-03-16,1,0,0,"cumulative"
"440","Australian Capital Territory",2020-03-16,2,0,0,"cumulative"
"441","New South Wales",2020-03-17,210,4,4,"cumulative"
"442","Victoria",2020-03-17,94,0,8,"cumulative"
"443","Queensland",2020-03-17,78,0,8,"cumulative"
"444","South Australia",2020-03-17,29,0,3,"cumulative"
"445","Western Australia",2020-03-17,31,1,0,"cumulative"
"446","Tasmania",2020-03-17,7,0,0,"cumulative"
"447","Northern Territory",2020-03-17,1,0,0,"cumulative"
"448","Australian Capital Territory",2020-03-17,2,0,0,"cumulative"
"449","New South Wales",2020-03-18,267,5,4,"cumulative"
"450","Victoria",2020-03-18,121,0,8,"cumulative"
"451","Queensland",2020-03-18,94,0,8,"cumulative"
"452","South Australia",2020-03-18,37,0,3,"cumulative"
"453","Western Australia",2020-03-18,35,1,0,"cumulative"
"454","Tasmania",2020-03-18,10,0,0,"cumulative"
"455","Northern Territory",2020-03-18,1,0,0,"cumulative"
"456","Australian Capital Territory",2020-03-18,3,0,0,"cumulative"
"457","New South Wales",2020-03-19,307,5,4,"cumulative"
"458","Victoria",2020-03-19,121,0,8,"cumulative"
"459","Queensland",2020-03-19,144,0,8,"cumulative"
"460","South Australia",2020-03-19,42,0,3,"cumulative"
"461","Western Australia",2020-03-19,52,1,0,"cumulative"
"462","Tasmania",2020-03-19,10,0,3,"cumulative"
"463","Northern Territory",2020-03-19,1,0,0,"cumulative"
"464","Australian Capital Territory",2020-03-19,4,0,0,"cumulative"
"465","New South Wales",2020-03-20,353,6,4,"cumulative"
"466","Victoria",2020-03-20,121,0,8,"cumulative"
"467","Queensland",2020-03-20,184,0,8,"cumulative"
"468","South Australia",2020-03-20,50,0,3,"cumulative"
"469","Western Australia",2020-03-20,64,1,0,"cumulative"
"470","Tasmania",2020-03-20,10,0,3,"cumulative"
"471","Northern Territory",2020-03-20,3,0,0,"cumulative"
"472","Australian Capital Territory",2020-03-20,6,0,0,"cumulative"
"473","New South Wales",2020-03-21,436,6,4,"cumulative"
"474","Victoria",2020-03-21,229,0,8,"cumulative"
"475","Queensland",2020-03-21,221,0,8,"cumulative"
"476","South Australia",2020-03-21,67,0,3,"cumulative"
"477","Western Australia",2020-03-21,90,1,0,"cumulative"
"478","Tasmania",2020-03-21,16,0,3,"cumulative"
"479","Northern Territory",2020-03-21,3,0,0,"cumulative"
"480","Australian Capital Territory",2020-03-21,9,0,0,"cumulative"
"481","National",2020-01-22,0,0,0,"cumulative"
"482","National",2020-01-23,0,0,0,"cumulative"
"483","National",2020-01-24,0,0,0,"cumulative"
"484","National",2020-01-25,0,0,0,"cumulative"
"485","National",2020-01-26,4,0,0,"cumulative"
"486","National",2020-01-27,5,0,0,"cumulative"
"487","National",2020-01-28,5,0,0,"cumulative"
"488","National",2020-01-29,6,0,0,"cumulative"
"489","National",2020-01-30,9,0,2,"cumulative"
"490","National",2020-01-31,9,0,2,"cumulative"
"491","National",2020-02-01,12,0,2,"cumulative"
"492","National",2020-02-02,12,0,2,"cumulative"
"493","National",2020-02-03,12,0,2,"cumulative"
"494","National",2020-02-04,13,0,2,"cumulative"
"495","National",2020-02-05,13,0,2,"cumulative"
"496","National",2020-02-06,14,0,2,"cumulative"
"497","National",2020-02-07,15,0,2,"cumulative"
"498","National",2020-02-08,15,0,2,"cumulative"
"499","National",2020-02-09,15,0,2,"cumulative"
"500","National",2020-02-10,15,0,2,"cumulative"
"501","National",2020-02-11,15,0,2,"cumulative"
"502","National",2020-02-12,15,0,2,"cumulative"
"503","National",2020-02-13,15,0,8,"cumulative"
"504","National",2020-02-14,15,0,8,"cumulative"
"505","National",2020-02-15,15,0,8,"cumulative"
"506","National",2020-02-16,15,0,8,"cumulative"
"507","National",2020-02-17,15,0,10,"cumulative"
"508","National",2020-02-18,15,0,10,"cumulative"
"509","National",2020-02-19,15,0,10,"cumulative"
"510","National",2020-02-20,15,0,10,"cumulative"
"511","National",2020-02-21,15,0,11,"cumulative"
"512","National",2020-02-22,15,0,11,"cumulative"
"513","National",2020-02-23,15,0,11,"cumulative"
"514","National",2020-02-24,15,0,11,"cumulative"
"515","National",2020-02-25,15,0,11,"cumulative"
"516","National",2020-02-26,15,0,11,"cumulative"
"517","National",2020-02-27,15,0,11,"cumulative"
"518","National",2020-02-28,15,0,11,"cumulative"
"519","National",2020-02-29,25,0,11,"cumulative"
"520","National",2020-03-01,27,1,11,"cumulative"
"521","National",2020-03-02,30,1,11,"cumulative"
"522","National",2020-03-03,39,1,11,"cumulative"
"523","National",2020-03-04,52,2,11,"cumulative"
"524","National",2020-03-05,55,2,21,"cumulative"
"525","National",2020-03-06,60,2,21,"cumulative"
"526","National",2020-03-07,63,2,21,"cumulative"
"527","National",2020-03-08,76,3,21,"cumulative"
"528","National",2020-03-09,91,3,21,"cumulative"
"529","National",2020-03-10,107,3,21,"cumulative"
"530","National",2020-03-11,128,3,21,"cumulative"
"531","National",2020-03-12,128,3,21,"cumulative"
"532","National",2020-03-13,200,3,23,"cumulative"
"533","National",2020-03-14,250,3,23,"cumulative"
"534","National",2020-03-15,297,3,23,"cumulative"
"535","National",2020-03-16,377,3,23,"cumulative"
"536","National",2020-03-17,452,5,23,"cumulative"
"537","National",2020-03-18,568,6,23,"cumulative"
"538","National",2020-03-19,681,6,26,"cumulative"
"539","National",2020-03-20,791,7,26,"cumulative"
"540","National",2020-03-21,1071,7,26,"cumulative"
"541","New South Wales",2020-01-22,NA,NA,NA,"daily"
"542","Victoria",2020-01-22,NA,NA,NA,"daily"
"543","Queensland",2020-01-22,NA,NA,NA,"daily"
"544","South Australia",2020-01-22,NA,NA,NA,"daily"
"545","Western Australia",2020-01-22,NA,NA,NA,"daily"
"546","Tasmania",2020-01-22,NA,NA,NA,"daily"
"547","Northern Territory",2020-01-22,NA,NA,NA,"daily"
"548","Australian Capital Territory",2020-01-22,NA,NA,NA,"daily"
"549","New South Wales",2020-01-23,0,0,0,"daily"
"550","Victoria",2020-01-23,0,0,0,"daily"
"551","Queensland",2020-01-23,0,0,0,"daily"
"552","South Australia",2020-01-23,0,0,0,"daily"
"553","Western Australia",2020-01-23,0,0,0,"daily"
"554","Tasmania",2020-01-23,0,0,0,"daily"
"555","Northern Territory",2020-01-23,0,0,0,"daily"
"556","Australian Capital Territory",2020-01-23,0,0,0,"daily"
"557","New South Wales",2020-01-24,0,0,0,"daily"
"558","Victoria",2020-01-24,0,0,0,"daily"
"559","Queensland",2020-01-24,0,0,0,"daily"
"560","South Australia",2020-01-24,0,0,0,"daily"
"561","Western Australia",2020-01-24,0,0,0,"daily"
"562","Tasmania",2020-01-24,0,0,0,"daily"
"563","Northern Territory",2020-01-24,0,0,0,"daily"
"564","Australian Capital Territory",2020-01-24,0,0,0,"daily"
"565","New South Wales",2020-01-25,0,0,0,"daily"
"566","Victoria",2020-01-25,0,0,0,"daily"
"567","Queensland",2020-01-25,0,0,0,"daily"
"568","South Australia",2020-01-25,0,0,0,"daily"
"569","Western Australia",2020-01-25,0,0,0,"daily"
"570","Tasmania",2020-01-25,0,0,0,"daily"
"571","Northern Territory",2020-01-25,0,0,0,"daily"
"572","Australian Capital Territory",2020-01-25,0,0,0,"daily"
"573","New South Wales",2020-01-26,3,0,0,"daily"
"574","Victoria",2020-01-26,1,0,0,"daily"
"575","Queensland",2020-01-26,0,0,0,"daily"
"576","South Australia",2020-01-26,0,0,0,"daily"
"577","Western Australia",2020-01-26,0,0,0,"daily"
"578","Tasmania",2020-01-26,0,0,0,"daily"
"579","Northern Territory",2020-01-26,0,0,0,"daily"
"580","Australian Capital Territory",2020-01-26,0,0,0,"daily"
"581","New South Wales",2020-01-27,1,0,0,"daily"
"582","Victoria",2020-01-27,0,0,0,"daily"
"583","Queensland",2020-01-27,0,0,0,"daily"
"584","South Australia",2020-01-27,0,0,0,"daily"
"585","Western Australia",2020-01-27,0,0,0,"daily"
"586","Tasmania",2020-01-27,0,0,0,"daily"
"587","Northern Territory",2020-01-27,0,0,0,"daily"
"588","Australian Capital Territory",2020-01-27,0,0,0,"daily"
"589","New South Wales",2020-01-28,0,0,0,"daily"
"590","Victoria",2020-01-28,0,0,0,"daily"
"591","Queensland",2020-01-28,0,0,0,"daily"
"592","South Australia",2020-01-28,0,0,0,"daily"
"593","Western Australia",2020-01-28,0,0,0,"daily"
"594","Tasmania",2020-01-28,0,0,0,"daily"
"595","Northern Territory",2020-01-28,0,0,0,"daily"
"596","Australian Capital Territory",2020-01-28,0,0,0,"daily"
"597","New South Wales",2020-01-29,0,0,0,"daily"
"598","Victoria",2020-01-29,0,0,0,"daily"
"599","Queensland",2020-01-29,1,0,0,"daily"
"600","South Australia",2020-01-29,0,0,0,"daily"
"601","Western Australia",2020-01-29,0,0,0,"daily"
"602","Tasmania",2020-01-29,0,0,0,"daily"
"603","Northern Territory",2020-01-29,0,0,0,"daily"
"604","Australian Capital Territory",2020-01-29,0,0,0,"daily"
"605","New South Wales",2020-01-30,0,0,2,"daily"
"606","Victoria",2020-01-30,1,0,0,"daily"
"607","Queensland",2020-01-30,2,0,0,"daily"
"608","South Australia",2020-01-30,0,0,0,"daily"
"609","Western Australia",2020-01-30,0,0,0,"daily"
"610","Tasmania",2020-01-30,0,0,0,"daily"
"611","Northern Territory",2020-01-30,0,0,0,"daily"
"612","Australian Capital Territory",2020-01-30,0,0,0,"daily"
"613","New South Wales",2020-01-31,0,0,0,"daily"
"614","Victoria",2020-01-31,1,0,0,"daily"
"615","Queensland",2020-01-31,-1,0,0,"daily"
"616","South Australia",2020-01-31,0,0,0,"daily"
"617","Western Australia",2020-01-31,0,0,0,"daily"
"618","Tasmania",2020-01-31,0,0,0,"daily"
"619","Northern Territory",2020-01-31,0,0,0,"daily"
"620","Australian Capital Territory",2020-01-31,0,0,0,"daily"
"621","New South Wales",2020-02-01,0,0,0,"daily"
"622","Victoria",2020-02-01,1,0,0,"daily"
"623","Queensland",2020-02-01,1,0,0,"daily"
"624","South Australia",2020-02-01,1,0,0,"daily"
"625","Western Australia",2020-02-01,0,0,0,"daily"
"626","Tasmania",2020-02-01,0,0,0,"daily"
"627","Northern Territory",2020-02-01,0,0,0,"daily"
"628","Australian Capital Territory",2020-02-01,0,0,0,"daily"
"629","New South Wales",2020-02-02,0,0,0,"daily"
"630","Victoria",2020-02-02,0,0,0,"daily"
"631","Queensland",2020-02-02,-1,0,0,"daily"
"632","South Australia",2020-02-02,1,0,0,"daily"
"633","Western Australia",2020-02-02,0,0,0,"daily"
"634","Tasmania",2020-02-02,0,0,0,"daily"
"635","Northern Territory",2020-02-02,0,0,0,"daily"
"636","Australian Capital Territory",2020-02-02,0,0,0,"daily"
"637","New South Wales",2020-02-03,0,0,0,"daily"
"638","Victoria",2020-02-03,0,0,0,"daily"
"639","Queensland",2020-02-03,0,0,0,"daily"
"640","South Australia",2020-02-03,0,0,0,"daily"
"641","Western Australia",2020-02-03,0,0,0,"daily"
"642","Tasmania",2020-02-03,0,0,0,"daily"
"643","Northern Territory",2020-02-03,0,0,0,"daily"
"644","Australian Capital Territory",2020-02-03,0,0,0,"daily"
"645","New South Wales",2020-02-04,0,0,0,"daily"
"646","Victoria",2020-02-04,0,0,0,"daily"
"647","Queensland",2020-02-04,1,0,0,"daily"
"648","South Australia",2020-02-04,0,0,0,"daily"
"649","Western Australia",2020-02-04,0,0,0,"daily"
"650","Tasmania",2020-02-04,0,0,0,"daily"
"651","Northern Territory",2020-02-04,0,0,0,"daily"
"652","Australian Capital Territory",2020-02-04,0,0,0,"daily"
"653","New South Wales",2020-02-05,0,0,0,"daily"
"654","Victoria",2020-02-05,0,0,0,"daily"
"655","Queensland",2020-02-05,0,0,0,"daily"
"656","South Australia",2020-02-05,0,0,0,"daily"
"657","Western Australia",2020-02-05,0,0,0,"daily"
"658","Tasmania",2020-02-05,0,0,0,"daily"
"659","Northern Territory",2020-02-05,0,0,0,"daily"
"660","Australian Capital Territory",2020-02-05,0,0,0,"daily"
"661","New South Wales",2020-02-06,0,0,0,"daily"
"662","Victoria",2020-02-06,0,0,0,"daily"
"663","Queensland",2020-02-06,1,0,0,"daily"
"664","South Australia",2020-02-06,0,0,0,"daily"
"665","Western Australia",2020-02-06,0,0,0,"daily"
"666","Tasmania",2020-02-06,0,0,0,"daily"
"667","Northern Territory",2020-02-06,0,0,0,"daily"
"668","Australian Capital Territory",2020-02-06,0,0,0,"daily"
"669","New South Wales",2020-02-07,0,0,0,"daily"
"670","Victoria",2020-02-07,0,0,0,"daily"
"671","Queensland",2020-02-07,1,0,0,"daily"
"672","South Australia",2020-02-07,0,0,0,"daily"
"673","Western Australia",2020-02-07,0,0,0,"daily"
"674","Tasmania",2020-02-07,0,0,0,"daily"
"675","Northern Territory",2020-02-07,0,0,0,"daily"
"676","Australian Capital Territory",2020-02-07,0,0,0,"daily"
"677","New South Wales",2020-02-08,0,0,0,"daily"
"678","Victoria",2020-02-08,0,0,0,"daily"
"679","Queensland",2020-02-08,0,0,0,"daily"
"680","South Australia",2020-02-08,0,0,0,"daily"
"681","Western Australia",2020-02-08,0,0,0,"daily"
"682","Tasmania",2020-02-08,0,0,0,"daily"
"683","Northern Territory",2020-02-08,0,0,0,"daily"
"684","Australian Capital Territory",2020-02-08,0,0,0,"daily"
"685","New South Wales",2020-02-09,0,0,0,"daily"
"686","Victoria",2020-02-09,0,0,0,"daily"
"687","Queensland",2020-02-09,0,0,0,"daily"
"688","South Australia",2020-02-09,0,0,0,"daily"
"689","Western Australia",2020-02-09,0,0,0,"daily"
"690","Tasmania",2020-02-09,0,0,0,"daily"
"691","Northern Territory",2020-02-09,0,0,0,"daily"
"692","Australian Capital Territory",2020-02-09,0,0,0,"daily"
"693","New South Wales",2020-02-10,0,0,0,"daily"
"694","Victoria",2020-02-10,0,0,0,"daily"
"695","Queensland",2020-02-10,0,0,0,"daily"
"696","South Australia",2020-02-10,0,0,0,"daily"
"697","Western Australia",2020-02-10,0,0,0,"daily"
"698","Tasmania",2020-02-10,0,0,0,"daily"
"699","Northern Territory",2020-02-10,0,0,0,"daily"
"700","Australian Capital Territory",2020-02-10,0,0,0,"daily"
"701","New South Wales",2020-02-11,0,0,0,"daily"
"702","Victoria",2020-02-11,0,0,0,"daily"
"703","Queensland",2020-02-11,0,0,0,"daily"
"704","South Australia",2020-02-11,0,0,0,"daily"
"705","Western Australia",2020-02-11,0,0,0,"daily"
"706","Tasmania",2020-02-11,0,0,0,"daily"
"707","Northern Territory",2020-02-11,0,0,0,"daily"
"708","Australian Capital Territory",2020-02-11,0,0,0,"daily"
"709","New South Wales",2020-02-12,0,0,0,"daily"
"710","Victoria",2020-02-12,0,0,0,"daily"
"711","Queensland",2020-02-12,0,0,0,"daily"
"712","South Australia",2020-02-12,0,0,0,"daily"
"713","Western Australia",2020-02-12,0,0,0,"daily"
"714","Tasmania",2020-02-12,0,0,0,"daily"
"715","Northern Territory",2020-02-12,0,0,0,"daily"
"716","Australian Capital Territory",2020-02-12,0,0,0,"daily"
"717","New South Wales",2020-02-13,0,0,2,"daily"
"718","Victoria",2020-02-13,0,0,4,"daily"
"719","Queensland",2020-02-13,0,0,0,"daily"
"720","South Australia",2020-02-13,0,0,0,"daily"
"721","Western Australia",2020-02-13,0,0,0,"daily"
"722","Tasmania",2020-02-13,0,0,0,"daily"
"723","Northern Territory",2020-02-13,0,0,0,"daily"
"724","Australian Capital Territory",2020-02-13,0,0,0,"daily"
"725","New South Wales",2020-02-14,0,0,0,"daily"
"726","Victoria",2020-02-14,0,0,0,"daily"
"727","Queensland",2020-02-14,0,0,0,"daily"
"728","South Australia",2020-02-14,0,0,0,"daily"
"729","Western Australia",2020-02-14,0,0,0,"daily"
"730","Tasmania",2020-02-14,0,0,0,"daily"
"731","Northern Territory",2020-02-14,0,0,0,"daily"
"732","Australian Capital Territory",2020-02-14,0,0,0,"daily"
"733","New South Wales",2020-02-15,0,0,0,"daily"
"734","Victoria",2020-02-15,0,0,0,"daily"
"735","Queensland",2020-02-15,0,0,0,"daily"
"736","South Australia",2020-02-15,0,0,0,"daily"
"737","Western Australia",2020-02-15,0,0,0,"daily"
"738","Tasmania",2020-02-15,0,0,0,"daily"
"739","Northern Territory",2020-02-15,0,0,0,"daily"
"740","Australian Capital Territory",2020-02-15,0,0,0,"daily"
"741","New South Wales",2020-02-16,0,0,0,"daily"
"742","Victoria",2020-02-16,0,0,0,"daily"
"743","Queensland",2020-02-16,0,0,0,"daily"
"744","South Australia",2020-02-16,0,0,0,"daily"
"745","Western Australia",2020-02-16,0,0,0,"daily"
"746","Tasmania",2020-02-16,0,0,0,"daily"
"747","Northern Territory",2020-02-16,0,0,0,"daily"
"748","Australian Capital Territory",2020-02-16,0,0,0,"daily"
"749","New South Wales",2020-02-17,0,0,0,"daily"
"750","Victoria",2020-02-17,0,0,0,"daily"
"751","Queensland",2020-02-17,0,0,0,"daily"
"752","South Australia",2020-02-17,0,0,2,"daily"
"753","Western Australia",2020-02-17,0,0,0,"daily"
"754","Tasmania",2020-02-17,0,0,0,"daily"
"755","Northern Territory",2020-02-17,0,0,0,"daily"
"756","Australian Capital Territory",2020-02-17,0,0,0,"daily"
"757","New South Wales",2020-02-18,0,0,0,"daily"
"758","Victoria",2020-02-18,0,0,0,"daily"
"759","Queensland",2020-02-18,0,0,0,"daily"
"760","South Australia",2020-02-18,0,0,0,"daily"
"761","Western Australia",2020-02-18,0,0,0,"daily"
"762","Tasmania",2020-02-18,0,0,0,"daily"
"763","Northern Territory",2020-02-18,0,0,0,"daily"
"764","Australian Capital Territory",2020-02-18,0,0,0,"daily"
"765","New South Wales",2020-02-19,0,0,0,"daily"
"766","Victoria",2020-02-19,0,0,0,"daily"
"767","Queensland",2020-02-19,0,0,0,"daily"
"768","South Australia",2020-02-19,0,0,0,"daily"
"769","Western Australia",2020-02-19,0,0,0,"daily"
"770","Tasmania",2020-02-19,0,0,0,"daily"
"771","Northern Territory",2020-02-19,0,0,0,"daily"
"772","Australian Capital Territory",2020-02-19,0,0,0,"daily"
"773","New South Wales",2020-02-20,0,0,0,"daily"
"774","Victoria",2020-02-20,0,0,0,"daily"
"775","Queensland",2020-02-20,0,0,0,"daily"
"776","South Australia",2020-02-20,0,0,0,"daily"
"777","Western Australia",2020-02-20,0,0,0,"daily"
"778","Tasmania",2020-02-20,0,0,0,"daily"
"779","Northern Territory",2020-02-20,0,0,0,"daily"
"780","Australian Capital Territory",2020-02-20,0,0,0,"daily"
"781","New South Wales",2020-02-21,0,0,0,"daily"
"782","Victoria",2020-02-21,0,0,0,"daily"
"783","Queensland",2020-02-21,0,0,1,"daily"
"784","South Australia",2020-02-21,0,0,0,"daily"
"785","Western Australia",2020-02-21,0,0,0,"daily"
"786","Tasmania",2020-02-21,0,0,0,"daily"
"787","Northern Territory",2020-02-21,0,0,0,"daily"
"788","Australian Capital Territory",2020-02-21,0,0,0,"daily"
"789","New South Wales",2020-02-22,0,0,0,"daily"
"790","Victoria",2020-02-22,0,0,0,"daily"
"791","Queensland",2020-02-22,0,0,0,"daily"
"792","South Australia",2020-02-22,0,0,0,"daily"
"793","Western Australia",2020-02-22,0,0,0,"daily"
"794","Tasmania",2020-02-22,0,0,0,"daily"
"795","Northern Territory",2020-02-22,0,0,0,"daily"
"796","Australian Capital Territory",2020-02-22,0,0,0,"daily"
"797","New South Wales",2020-02-23,0,0,0,"daily"
"798","Victoria",2020-02-23,0,0,0,"daily"
"799","Queensland",2020-02-23,0,0,0,"daily"
"800","South Australia",2020-02-23,0,0,0,"daily"
"801","Western Australia",2020-02-23,0,0,0,"daily"
"802","Tasmania",2020-02-23,0,0,0,"daily"
"803","Northern Territory",2020-02-23,0,0,0,"daily"
"804","Australian Capital Territory",2020-02-23,0,0,0,"daily"
"805","New South Wales",2020-02-24,0,0,0,"daily"
"806","Victoria",2020-02-24,0,0,0,"daily"
"807","Queensland",2020-02-24,0,0,0,"daily"
"808","South Australia",2020-02-24,0,0,0,"daily"
"809","Western Australia",2020-02-24,0,0,0,"daily"
"810","Tasmania",2020-02-24,0,0,0,"daily"
"811","Northern Territory",2020-02-24,0,0,0,"daily"
"812","Australian Capital Territory",2020-02-24,0,0,0,"daily"
"813","New South Wales",2020-02-25,0,0,0,"daily"
"814","Victoria",2020-02-25,0,0,0,"daily"
"815","Queensland",2020-02-25,0,0,0,"daily"
"816","South Australia",2020-02-25,0,0,0,"daily"
"817","Western Australia",2020-02-25,0,0,0,"daily"
"818","Tasmania",2020-02-25,0,0,0,"daily"
"819","Northern Territory",2020-02-25,0,0,0,"daily"
"820","Australian Capital Territory",2020-02-25,0,0,0,"daily"
"821","New South Wales",2020-02-26,0,0,0,"daily"
"822","Victoria",2020-02-26,0,0,0,"daily"
"823","Queensland",2020-02-26,0,0,0,"daily"
"824","South Australia",2020-02-26,0,0,0,"daily"
"825","Western Australia",2020-02-26,0,0,0,"daily"
"826","Tasmania",2020-02-26,0,0,0,"daily"
"827","Northern Territory",2020-02-26,0,0,0,"daily"
"828","Australian Capital Territory",2020-02-26,0,0,0,"daily"
"829","New South Wales",2020-02-27,0,0,0,"daily"
"830","Victoria",2020-02-27,0,0,0,"daily"
"831","Queensland",2020-02-27,0,0,0,"daily"
"832","South Australia",2020-02-27,0,0,0,"daily"
"833","Western Australia",2020-02-27,0,0,0,"daily"
"834","Tasmania",2020-02-27,0,0,0,"daily"
"835","Northern Territory",2020-02-27,0,0,0,"daily"
"836","Australian Capital Territory",2020-02-27,0,0,0,"daily"
"837","New South Wales",2020-02-28,0,0,0,"daily"
"838","Victoria",2020-02-28,0,0,0,"daily"
"839","Queensland",2020-02-28,0,0,0,"daily"
"840","South Australia",2020-02-28,0,0,0,"daily"
"841","Western Australia",2020-02-28,0,0,0,"daily"
"842","Tasmania",2020-02-28,0,0,0,"daily"
"843","Northern Territory",2020-02-28,0,0,0,"daily"
"844","Australian Capital Territory",2020-02-28,0,0,0,"daily"
"845","New South Wales",2020-02-29,0,0,0,"daily"
"846","Victoria",2020-02-29,3,0,0,"daily"
"847","Queensland",2020-02-29,4,0,0,"daily"
"848","South Australia",2020-02-29,1,0,0,"daily"
"849","Western Australia",2020-02-29,2,0,0,"daily"
"850","Tasmania",2020-02-29,0,0,0,"daily"
"851","Northern Territory",2020-02-29,0,0,0,"daily"
"852","Australian Capital Territory",2020-02-29,0,0,0,"daily"
"853","New South Wales",2020-03-01,2,0,0,"daily"
"854","Victoria",2020-03-01,0,0,0,"daily"
"855","Queensland",2020-03-01,0,0,0,"daily"
"856","South Australia",2020-03-01,0,0,0,"daily"
"857","Western Australia",2020-03-01,0,1,0,"daily"
"858","Tasmania",2020-03-01,0,0,0,"daily"
"859","Northern Territory",2020-03-01,0,0,0,"daily"
"860","Australian Capital Territory",2020-03-01,0,0,0,"daily"
"861","New South Wales",2020-03-02,0,0,0,"daily"
"862","Victoria",2020-03-02,2,0,0,"daily"
"863","Queensland",2020-03-02,0,0,0,"daily"
"864","South Australia",2020-03-02,0,0,0,"daily"
"865","Western Australia",2020-03-02,0,0,0,"daily"
"866","Tasmania",2020-03-02,1,0,0,"daily"
"867","Northern Territory",2020-03-02,0,0,0,"daily"
"868","Australian Capital Territory",2020-03-02,0,0,0,"daily"
"869","New South Wales",2020-03-03,7,0,0,"daily"
"870","Victoria",2020-03-03,0,0,0,"daily"
"871","Queensland",2020-03-03,2,0,0,"daily"
"872","South Australia",2020-03-03,0,0,0,"daily"
"873","Western Australia",2020-03-03,0,0,0,"daily"
"874","Tasmania",2020-03-03,0,0,0,"daily"
"875","Northern Territory",2020-03-03,0,0,0,"daily"
"876","Australian Capital Territory",2020-03-03,0,0,0,"daily"
"877","New South Wales",2020-03-04,9,1,0,"daily"
"878","Victoria",2020-03-04,1,0,0,"daily"
"879","Queensland",2020-03-04,0,0,0,"daily"
"880","South Australia",2020-03-04,2,0,0,"daily"
"881","Western Australia",2020-03-04,0,0,0,"daily"
"882","Tasmania",2020-03-04,0,0,0,"daily"
"883","Northern Territory",2020-03-04,1,0,0,"daily"
"884","Australian Capital Territory",2020-03-04,0,0,0,"daily"
"885","New South Wales",2020-03-05,0,0,0,"daily"
"886","Victoria",2020-03-05,0,0,3,"daily"
"887","Queensland",2020-03-05,2,0,7,"daily"
"888","South Australia",2020-03-05,0,0,0,"daily"
"889","Western Australia",2020-03-05,1,0,0,"daily"
"890","Tasmania",2020-03-05,0,0,0,"daily"
"891","Northern Territory",2020-03-05,0,0,0,"daily"
"892","Australian Capital Territory",2020-03-05,0,0,0,"daily"
"893","New South Wales",2020-03-06,4,0,0,"daily"
"894","Victoria",2020-03-06,0,0,0,"daily"
"895","Queensland",2020-03-06,0,0,0,"daily"
"896","South Australia",2020-03-06,2,0,0,"daily"
"897","Western Australia",2020-03-06,0,0,0,"daily"
"898","Tasmania",2020-03-06,0,0,0,"daily"
"899","Northern Territory",2020-03-06,-1,0,0,"daily"
"900","Australian Capital Territory",2020-03-06,0,0,0,"daily"
"901","New South Wales",2020-03-07,2,0,0,"daily"
"902","Victoria",2020-03-07,1,0,0,"daily"
"903","Queensland",2020-03-07,0,0,0,"daily"
"904","South Australia",2020-03-07,0,0,0,"daily"
"905","Western Australia",2020-03-07,0,0,0,"daily"
"906","Tasmania",2020-03-07,0,0,0,"daily"
"907","Northern Territory",2020-03-07,0,0,0,"daily"
"908","Australian Capital Territory",2020-03-07,0,0,0,"daily"
"909","New South Wales",2020-03-08,10,1,0,"daily"
"910","Victoria",2020-03-08,0,0,0,"daily"
"911","Queensland",2020-03-08,2,0,0,"daily"
"912","South Australia",2020-03-08,0,0,0,"daily"
"913","Western Australia",2020-03-08,0,0,0,"daily"
"914","Tasmania",2020-03-08,1,0,0,"daily"
"915","Northern Territory",2020-03-08,0,0,0,"daily"
"916","Australian Capital Territory",2020-03-08,0,0,0,"daily"
"917","New South Wales",2020-03-09,10,0,0,"daily"
"918","Victoria",2020-03-09,4,0,0,"daily"
"919","Queensland",2020-03-09,0,0,0,"daily"
"920","South Australia",2020-03-09,0,0,0,"daily"
"921","Western Australia",2020-03-09,1,0,0,"daily"
"922","Tasmania",2020-03-09,0,0,0,"daily"
"923","Northern Territory",2020-03-09,0,0,0,"daily"
"924","Australian Capital Territory",2020-03-09,0,0,0,"daily"
"925","New South Wales",2020-03-10,7,0,0,"daily"
"926","Victoria",2020-03-10,3,0,0,"daily"
"927","Queensland",2020-03-10,3,0,0,"daily"
"928","South Australia",2020-03-10,0,0,0,"daily"
"929","Western Australia",2020-03-10,2,0,0,"daily"
"930","Tasmania",2020-03-10,0,0,0,"daily"
"931","Northern Territory",2020-03-10,1,0,0,"daily"
"932","Australian Capital Territory",2020-03-10,0,0,0,"daily"
"933","New South Wales",2020-03-11,10,0,0,"daily"
"934","Victoria",2020-03-11,3,0,0,"daily"
"935","Queensland",2020-03-11,2,0,0,"daily"
"936","South Australia",2020-03-11,2,0,0,"daily"
"937","Western Australia",2020-03-11,3,0,0,"daily"
"938","Tasmania",2020-03-11,1,0,0,"daily"
"939","Northern Territory",2020-03-11,0,0,0,"daily"
"940","Australian Capital Territory",2020-03-11,0,0,0,"daily"
"941","New South Wales",2020-03-12,0,0,0,"daily"
"942","Victoria",2020-03-12,0,0,0,"daily"
"943","Queensland",2020-03-12,0,0,0,"daily"
"944","South Australia",2020-03-12,0,0,0,"daily"
"945","Western Australia",2020-03-12,0,0,0,"daily"
"946","Tasmania",2020-03-12,0,0,0,"daily"
"947","Northern Territory",2020-03-12,0,0,0,"daily"
"948","Australian Capital Territory",2020-03-12,0,0,0,"daily"
"949","New South Wales",2020-03-13,27,0,0,"daily"
"950","Victoria",2020-03-13,15,0,1,"daily"
"951","Queensland",2020-03-13,15,0,0,"daily"
"952","South Australia",2020-03-13,7,0,1,"daily"
"953","Western Australia",2020-03-13,5,0,0,"daily"
"954","Tasmania",2020-03-13,2,0,0,"daily"
"955","Northern Territory",2020-03-13,0,0,0,"daily"
"956","Australian Capital Territory",2020-03-13,1,0,0,"daily"
"957","New South Wales",2020-03-14,20,0,0,"daily"
"958","Victoria",2020-03-14,13,0,0,"daily"
"959","Queensland",2020-03-14,11,0,0,"daily"
"960","South Australia",2020-03-14,3,0,0,"daily"
"961","Western Australia",2020-03-14,3,0,0,"daily"
"962","Tasmania",2020-03-14,0,0,0,"daily"
"963","Northern Territory",2020-03-14,0,0,0,"daily"
"964","Australian Capital Territory",2020-03-14,0,0,0,"daily"
"965","New South Wales",2020-03-15,22,0,0,"daily"
"966","Victoria",2020-03-15,8,0,0,"daily"
"967","Queensland",2020-03-15,15,0,0,"daily"
"968","South Australia",2020-03-15,1,0,0,"daily"
"969","Western Australia",2020-03-15,0,0,0,"daily"
"970","Tasmania",2020-03-15,1,0,0,"daily"
"971","Northern Territory",2020-03-15,0,0,0,"daily"
"972","Australian Capital Territory",2020-03-15,0,0,0,"daily"
"973","New South Wales",2020-03-16,37,0,0,"daily"
"974","Victoria",2020-03-16,14,0,0,"daily"
"975","Queensland",2020-03-16,7,0,0,"daily"
"976","South Australia",2020-03-16,9,0,0,"daily"
"977","Western Australia",2020-03-16,11,0,0,"daily"
"978","Tasmania",2020-03-16,1,0,0,"daily"
"979","Northern Territory",2020-03-16,0,0,0,"daily"
"980","Australian Capital Territory",2020-03-16,1,0,0,"daily"
"981","New South Wales",2020-03-17,39,2,0,"daily"
"982","Victoria",2020-03-17,23,0,0,"daily"
"983","Queensland",2020-03-17,10,0,0,"daily"
"984","South Australia",2020-03-17,0,0,0,"daily"
"985","Western Australia",2020-03-17,3,0,0,"daily"
"986","Tasmania",2020-03-17,0,0,0,"daily"
"987","Northern Territory",2020-03-17,0,0,0,"daily"
"988","Australian Capital Territory",2020-03-17,0,0,0,"daily"
"989","New South Wales",2020-03-18,57,1,0,"daily"
"990","Victoria",2020-03-18,27,0,0,"daily"
"991","Queensland",2020-03-18,16,0,0,"daily"
"992","South Australia",2020-03-18,8,0,0,"daily"
"993","Western Australia",2020-03-18,4,0,0,"daily"
"994","Tasmania",2020-03-18,3,0,0,"daily"
"995","Northern Territory",2020-03-18,0,0,0,"daily"
"996","Australian Capital Territory",2020-03-18,1,0,0,"daily"
"997","New South Wales",2020-03-19,40,0,0,"daily"
"998","Victoria",2020-03-19,0,0,0,"daily"
"999","Queensland",2020-03-19,50,0,0,"daily"
"1000","South Australia",2020-03-19,5,0,0,"daily"
"1001","Western Australia",2020-03-19,17,0,0,"daily"
"1002","Tasmania",2020-03-19,0,0,3,"daily"
"1003","Northern Territory",2020-03-19,0,0,0,"daily"
"1004","Australian Capital Territory",2020-03-19,1,0,0,"daily"
"1005","New South Wales",2020-03-20,46,1,0,"daily"
"1006","Victoria",2020-03-20,0,0,0,"daily"
"1007","Queensland",2020-03-20,40,0,0,"daily"
"1008","South Australia",2020-03-20,8,0,0,"daily"
"1009","Western Australia",2020-03-20,12,0,0,"daily"
"1010","Tasmania",2020-03-20,0,0,0,"daily"
"1011","Northern Territory",2020-03-20,2,0,0,"daily"
"1012","Australian Capital Territory",2020-03-20,2,0,0,"daily"
"1013","New South Wales",2020-03-21,83,0,0,"daily"
"1014","Victoria",2020-03-21,108,0,0,"daily"
"1015","Queensland",2020-03-21,37,0,0,"daily"
"1016","South Australia",2020-03-21,17,0,0,"daily"
"1017","Western Australia",2020-03-21,26,0,0,"daily"
"1018","Tasmania",2020-03-21,6,0,0,"daily"
"1019","Northern Territory",2020-03-21,0,0,0,"daily"
"1020","Australian Capital Territory",2020-03-21,3,0,0,"daily"
"1021","National",2020-01-22,NA,NA,NA,"daily"
"1022","National",2020-01-23,0,0,0,"daily"
"1023","National",2020-01-24,0,0,0,"daily"
"1024","National",2020-01-25,0,0,0,"daily"
"1025","National",2020-01-26,4,0,0,"daily"
"1026","National",2020-01-27,1,0,0,"daily"
"1027","National",2020-01-28,0,0,0,"daily"
"1028","National",2020-01-29,1,0,0,"daily"
"1029","National",2020-01-30,3,0,2,"daily"
"1030","National",2020-01-31,0,0,0,"daily"
"1031","National",2020-02-01,3,0,0,"daily"
"1032","National",2020-02-02,0,0,0,"daily"
"1033","National",2020-02-03,0,0,0,"daily"
"1034","National",2020-02-04,1,0,0,"daily"
"1035","National",2020-02-05,0,0,0,"daily"
"1036","National",2020-02-06,1,0,0,"daily"
"1037","National",2020-02-07,1,0,0,"daily"
"1038","National",2020-02-08,0,0,0,"daily"
"1039","National",2020-02-09,0,0,0,"daily"
"1040","National",2020-02-10,0,0,0,"daily"
"1041","National",2020-02-11,0,0,0,"daily"
"1042","National",2020-02-12,0,0,0,"daily"
"1043","National",2020-02-13,0,0,6,"daily"
"1044","National",2020-02-14,0,0,0,"daily"
"1045","National",2020-02-15,0,0,0,"daily"
"1046","National",2020-02-16,0,0,0,"daily"
"1047","National",2020-02-17,0,0,2,"daily"
"1048","National",2020-02-18,0,0,0,"daily"
"1049","National",2020-02-19,0,0,0,"daily"
"1050","National",2020-02-20,0,0,0,"daily"
"1051","National",2020-02-21,0,0,1,"daily"
"1052","National",2020-02-22,0,0,0,"daily"
"1053","National",2020-02-23,0,0,0,"daily"
"1054","National",2020-02-24,0,0,0,"daily"
"1055","National",2020-02-25,0,0,0,"daily"
"1056","National",2020-02-26,0,0,0,"daily"
"1057","National",2020-02-27,0,0,0,"daily"
"1058","National",2020-02-28,0,0,0,"daily"
"1059","National",2020-02-29,10,0,0,"daily"
"1060","National",2020-03-01,2,1,0,"daily"
"1061","National",2020-03-02,3,0,0,"daily"
"1062","National",2020-03-03,9,0,0,"daily"
"1063","National",2020-03-04,13,1,0,"daily"
"1064","National",2020-03-05,3,0,10,"daily"
"1065","National",2020-03-06,5,0,0,"daily"
"1066","National",2020-03-07,3,0,0,"daily"
"1067","National",2020-03-08,13,1,0,"daily"
"1068","National",2020-03-09,15,0,0,"daily"
"1069","National",2020-03-10,16,0,0,"daily"
"1070","National",2020-03-11,21,0,0,"daily"
"1071","National",2020-03-12,0,0,0,"daily"
"1072","National",2020-03-13,72,0,2,"daily"
"1073","National",2020-03-14,50,0,0,"daily"
"1074","National",2020-03-15,47,0,0,"daily"
"1075","National",2020-03-16,80,0,0,"daily"
"1076","National",2020-03-17,75,2,0,"daily"
"1077","National",2020-03-18,116,1,0,"daily"
"1078","National",2020-03-19,113,0,3,"daily"
"1079","National",2020-03-20,110,1,0,"daily"
"1080","National",2020-03-21,280,0,0,"daily"
